Time,Angle
1716894002.3100777,-0.8990084400090171
1716894002.3172674,-1.803181701344473
1716894002.3413744,-2.730929937699687
1716894002.3513706,-3.6763532248280737
1716894002.358456,-4.634018825039812
1716894002.3667817,-5.598995742892278
1716894002.3734965,-6.566870310536075
1716894002.3820057,-7.533745958655808
1716894002.3894677,-8.463590294231643
1716894002.3941486,-9.386832523860114
1716894002.399202,-10.301092919412849
1716894002.4107351,-11.204392744278042
1716894002.4159083,-12.095119605664895
1716894002.420912,-12.97199181570262
1716894002.4280002,-13.79759600986935
1716894002.4393556,-14.57225951257111
1716894002.4420805,-15.333534535423844
1716894002.4528666,-16.043770027980244
1716894002.457208,-16.741631831832674
1716894002.4694927,-17.427056514938265
1716894002.4762967,-18.100084866163662
1716894002.4818625,-18.7608451843498
1716894002.4850855,-19.370627370146615
1716894002.4936333,-19.970338176701745
1716894002.5010035,-20.520996827509244
1716894002.5061674,-21.06390835785875
1716894002.5168054,-21.559830536973625
1716894002.5256958,-22.05034898531778
1716894002.5339203,-22.535656550761832
1716894002.540282,-22.976037025790607
1716894002.548792,-23.41354049789165
1716894002.5522468,-23.848298237100504
1716894002.5596266,-24.280448565262013
1716894002.5690875,-24.71013505882531
1716894002.574913,-25.1375050198772
1716894002.5827417,-25.562708183246436
1716894002.590272,-25.94474002019122
1716894002.5984354,-26.32692589633693
1716894002.6060002,-26.709310251210677
1716894002.612004,-27.09194113199464
1716894002.6192784,-27.433227202113212
1716894002.62805,-27.776919048318224
1716894002.6316867,-28.122960679572703
1716894002.6438687,-28.429409325685118
1716894002.6485791,-28.740189408753327
1716894002.654624,-29.055150197012985
1716894002.6609628,-29.374152221228663
1716894002.6667016,-29.697066695467807
1716894002.6754735,-30.02377497007854
1716894002.6754735,-30.354168016636496
1716894002.691516,-30.688145944354794
1716894002.6936085,-31.025617547252665
1716894002.7000506,-31.36649988123829
1716894002.708429,-31.66703172004951
1716894002.708429,-31.929514238886387
1716894002.7233708,-32.199367193156036
1716894002.7326875,-32.47629945144082
1716894002.739334,-32.71633317265491
1716894002.7453249,-32.92158876567551
1716894002.753587,-33.13732904640829
1716894002.7591317,-33.36309410089268
1716894002.766819,-33.55473403720402
1716894002.772324,-33.71422205604544
1716894002.7818148,-33.84342175114349
1716894002.7874799,-33.98714558007499
1716894002.791118,-34.14471070514385
1716894002.8020566,-34.271976434412004
1716894002.8043606,-34.37070709461817
1716894002.8133852,-34.44256838195021
1716894002.8188975,-34.48913275247866
1716894002.8188975,-34.55452353665925
1716894002.834783,-34.594969619858354
1716894002.840612,-34.61193640539712
1716894002.8467052,-34.60680696979962
1716894002.851191,-34.580886598793306
1716894002.8588483,-34.53540707871903
1716894002.8653748,-34.51338955131388
1716894002.8724763,-34.47159920003551
1716894002.881258,-34.41121014621789
1716894002.8856695,-34.375005416908174
1716894002.8856695,-34.36175663640534
1716894002.897176,-34.37030472416754
1716894002.897176,-34.35731278638277
1716894002.9132442,-34.36610392274595
1716894002.9132442,-34.35334153343472
1716894002.9290178,-34.36234986582623
1716894002.9342885,-34.392036748422804
1716894002.9446828,-34.44137204664424
1716894002.946573,-34.466738656191396
1716894002.946573,-34.51198996393422
1716894002.96182,-34.576141620519245
1716894002.971224,-34.615411593718086
1716894002.9765792,-34.67390898260484
1716894002.9848514,-34.75068785361303
1716894002.9906049,-34.84485657416562
1716894002.9977505,-34.9555749327531
1716894003.0041058,-35.0820514203312
1716894003.0106106,-35.17980145388059
1716894003.018065,-35.29401864999575
1716894003.024969,-35.423918867366176
1716894003.0310876,-35.56876380098377
1716894003.0364504,-35.683642531815146
1716894003.0450861,-35.81428726839492
1716894003.0512035,-35.95995823740104
1716894003.05792,-36.11995929443754
1716894003.064891,-36.293635655962774
1716894003.0692706,-36.48037176140925
1716894003.0773213,-36.63434267179935
1716894003.0848348,-36.80245071248769
1716894003.0906389,-36.98405862583622
1716894003.0972116,-37.13304599430902
1716894003.1029842,-37.251332020211336
1716894003.1072133,-37.38570624146547
1716894003.1182177,-37.49017807597851
1716894003.1223445,-37.61149339733848
1716894003.1300101,-37.74886697697392
1716894003.134031,-37.8560384721633
1716894003.14075,-37.93479486739338
1716894003.1507857,-37.98682189091274
1716894003.1572597,-38.01370968038708
1716894003.1656349,-38.061422030710176
1716894003.1656349,-38.12894906781898
1716894003.1755648,-38.215339556626574
1716894003.1826322,-38.27445113134788
1716894003.1903615,-38.30790740328398
1716894003.1978707,-38.361957818264045
1716894003.202821,-38.39062964743429
1716894003.2131684,-38.39543917810185
1716894003.21694,-38.37781649320532
1716894003.21694,-38.33911030122478
1716894003.2304506,-38.32456740834275
1716894003.2408614,-38.288772619271015
1716894003.2460585,-38.27698194902495
1716894003.2510042,-38.243788903543994
1716894003.2611501,-38.19048281143811
1716894003.2651484,-38.16201912355905
1716894003.2717605,-38.11318381004643
1716894003.280075,-38.04520687480823
1716894003.284782,-37.9592482027819
1716894003.2932882,-37.899687728425185
1716894003.2979333,-37.821685345377446
1716894003.308921,-37.72635990873686
1716894003.3138762,-37.61476641776808
1716894003.322369,-37.530754316820456
1716894003.3271246,-37.47292344556812
1716894003.3271246,-37.39666663888063
1716894003.3418598,-37.34616703985331
1716894003.347547,-37.276840666433884
1716894003.3560555,-37.18982473423595
1716894003.3598814,-37.086191685628265
1716894003.3657854,-36.96695281367541
1716894003.3717892,-36.83306168414221
1716894003.3778489,-36.72766274936476
1716894003.387469,-36.64929850659008
1716894003.3941772,-36.55394686304414
1716894003.3975925,-36.485080573814294
1716894003.4036007,-36.441354295177106
1716894003.413406,-36.421498753659705
1716894003.4197176,-36.42431666934041
1716894003.4254007,-36.40539266367793
1716894003.4305973,-36.36602333867041
1716894003.4407322,-36.3502865335063
1716894003.4467192,-36.313930148092325
1716894003.4527662,-36.25818682443637
1716894003.457866,-36.18421929627411
1716894003.4677317,-36.09312428997538
1716894003.471899,-35.98593620858873
1716894003.4800775,-35.90568237318138
1716894003.4837868,-35.80874271930817
1716894003.4837868,-35.69612521431393
1716894003.4996936,-35.5687804953574
1716894003.5052998,-35.42760506945639
1716894003.5154471,-35.27344433572386
1716894003.5154471,-35.148416478584856
1716894003.5239162,-35.00952044178116
1716894003.5307066,-34.85760164203299
1716894003.540895,-34.69345729891304
1716894003.546509,-34.51783912503927
1716894003.553039,-34.33145586689191
1716894003.55695,-34.13497570453941
1716894003.5676115,-33.9290285180981
1716894003.5713289,-33.75455115863651
1716894003.5795214,-33.56940376705055
1716894003.5890577,-33.41458896914032
1716894003.5941198,-33.2480290842735
1716894003.600235,-33.07044238678016
1716894003.610242,-32.88250620331286
1716894003.6133294,-32.72490454892066
1716894003.620771,-32.55586072197234
1716894003.6289756,-32.4161184803965
1716894003.6289756,-32.26395759898043
1716894003.646505,-32.140175224216364
1716894003.6508186,-32.003101600418994
1716894003.6609678,-31.853536229817877
1716894003.6643207,-31.732134655458374
1716894003.6743321,-31.597384461579416
1716894003.679149,-31.450086695390215
1716894003.69004,-31.290997054515124
1716894003.69004,-31.120828404575516
1716894003.7041845,-30.940253157667424
1716894003.7114208,-30.74990551940795
1716894003.7147038,-30.550383611800047
1716894003.7257707,-30.34225147876542
1716894003.729967,-30.165018144608435
1716894003.738446,-29.977955952417464
1716894003.7466748,-29.820640555500503
1716894003.7530744,-29.65240728299329
1716894003.7616067,-29.473914166684274
1716894003.7699637,-29.285781946439005
1716894003.7726154,-29.088596138333802
1716894003.7845397,-28.882908988658595
1716894003.790264,-28.669241320074395
1716894003.7978258,-28.448084275864684
1716894003.8017344,-28.21990096789313
1716894003.8017344,-28.023311705299427
1716894003.8184845,-27.856642705392076
1716894003.820448,-27.679914667413716
1716894003.83,-27.493731200081836
1716894003.8353932,-27.298661755965366
1716894003.8414001,-27.09524352247146
1716894003.8510876,-26.921961478914373
1716894003.8570693,-26.777219267237214
1716894003.8635924,-26.621325269097152
1716894003.8716123,-26.493020407666993
1716894003.875067,-26.39084871579827
1716894003.8807724,-26.313434985373924
1716894003.8919518,-26.25948037613403
1716894003.8981016,-26.18924923829143
1716894003.903146,-26.103686301266386
1716894003.9075892,-26.003683463138504
1716894003.9075892,-25.92826637528423
1716894003.9227812,-25.87614443507306
1716894003.9305093,-25.846098781908214
1716894003.9361165,-25.79846937276012
1716894003.94148,-25.73427240999077
1716894003.950986,-25.654467356822856
1716894003.9544632,-25.598143735637045
1716894003.9604254,-25.525781547386853
1716894003.9669294,-25.438310179129292
1716894003.9735842,-25.336607073263064
1716894003.9829683,-25.259478860578504
1716894003.9866002,-25.16755339600169
1716894003.9932456,-25.099668229939578
1716894003.9999597,-25.016480446398088
1716894004.0075555,-24.91887695646839
1716894004.015591,-24.845573975178457
1716894004.0197732,-24.7573148337844
1716894004.0302775,-24.654966415092627
1716894004.0330834,-24.53934714038929
1716894004.0415697,-24.411229639499556
1716894004.0462074,-24.271343274165737
1716894004.05444,-24.15787894303033
1716894004.0621443,-24.03184458220321
1716894004.0661013,-23.893972473971772
1716894004.0726857,-23.744953876011436
1716894004.0792546,-23.585441282205295
1716894004.0870469,-23.416050559257247
1716894004.0950732,-23.237362965911554
1716894004.100309,-23.04992706121819
1716894004.1111138,-22.85426050793034
1716894004.1163414,-22.687770813562988
1716894004.125098,-22.511905231989697
1716894004.1271577,-22.327214850119557
1716894004.133757,-22.17106274437302
1716894004.1427367,-22.005007999745413
1716894004.14819,-21.829629629241968
1716894004.1573207,-21.6454741280849
1716894004.166186,-21.453057265213385
1716894004.1732247,-21.252865776386137
1716894004.1756954,-21.04535896428141
1716894004.1829765,-20.867458468850238
1716894004.1900222,-20.681023885222896
1716894004.1977546,-20.48655523143115
1716894004.207416,-20.32094661526662
1716894004.21305,-20.14616526463097
1716894004.2182252,-19.962745319153278
1716894004.2236485,-19.771190929227306
1716894004.23143,-19.57197790679303
1716894004.2393582,-19.36555528549468
1716894004.2438142,-19.152346795181472
1716894004.2532344,-18.932752255445195
1716894004.2567866,-18.743207365060123
1716894004.2633438,-18.545982612772214
1716894004.270092,-18.3415259644064
1716894004.2778518,-18.13026016952456
1716894004.2842422,-17.948533236283513
1716894004.2913249,-17.758754404401685
1716894004.2987907,-17.561390542699524
1716894004.3039856,-17.392778821905218
1716894004.309399,-17.251373841961335
1716894004.3164234,-17.09971235179843
1716894004.3257065,-16.938381757855133
1716894004.3322518,-16.80383317805729
1716894004.3360097,-16.694628929457277
1716894004.3465185,-16.573407588639018
1716894004.3501544,-16.47680190932484
1716894004.355918,-16.367490308272874
1716894004.3639734,-16.282143201109445
1716894004.3639734,-16.18347460732388
1716894004.3796148,-16.072239511607165
1716894004.3825696,-15.985047447760065
1716894004.3825696,-15.920610487287414
1716894004.3972008,-15.877711834025156
1716894004.4041371,-15.855201944038539
1716894004.4106407,-15.815879517123742
1716894004.4161365,-15.760691850101718
1716894004.426298,-15.726536783156272
1716894004.426298,-15.676233949571875
1716894004.4359198,-15.610693576075114
1716894004.4430916,-15.530775407987917
1716894004.4500558,-15.473188011931677
1716894004.4580615,-15.400787990511363
1716894004.4580615,-15.314411150961401
1716894004.4740264,-15.250692288994651
1716894004.4762688,-15.208418498468676
1716894004.4762688,-15.150494807861108
1716894004.490887,-15.077802802583907
1716894004.4963758,-14.991175169853594
1716894004.5054603,-14.92719400048268
1716894004.5095356,-14.848800936808347
1716894004.5095356,-14.75680848954706
1716894004.5215416,-14.651984063977158
1716894004.5307527,-14.570752622102669
1716894004.5387018,-14.4761008416064
1716894004.5422049,-14.368785664834213
1716894004.553712,-14.249521981895885
1716894004.553712,-14.154595053624988
1716894004.553712,-14.0470422890031
1716894004.5693452,-13.927575865396674
1716894004.5693452,-13.796868369422809
1716894004.584971,-13.655554968185191
1716894004.584971,-13.504235461556837
1716894004.6006336,-13.343476222019174
1716894004.6032557,-13.209219688805081
1716894004.610195,-13.100036107164255
1716894004.6170208,-13.01457452770165
1716894004.623463,-12.916033212635927
1716894004.632472,-12.84063203150565
1716894004.6382048,-12.751601060302386
1716894004.6422122,-12.649705430459663
1716894004.6482172,-12.535667806480351
1716894004.6587272,-12.410170713724217
1716894004.6642315,-12.273858738699287
1716894004.6642315,-12.162676113743485
1716894004.6799557,-12.075266923725755
1716894004.6845758,-11.974942349504946
1716894004.6911266,-11.862426580082099
1716894004.6977818,-11.738403593093894
1716894004.6977818,-11.638820631693601
1716894004.7117538,-11.562358853543298
1716894004.71903,-11.472401176618723
1716894004.72755,-11.369702913508519
1716894004.7328312,-11.290278742063887
1716894004.7421882,-11.232873567638032
1716894004.7442255,-11.160930570478934
1716894004.7442255,-11.075262030594612
1716894004.7600298,-10.976635205475633
1716894004.7653613,-10.901043054810557
1716894004.774704,-10.847242963209675
1716894004.7806423,-10.814060866481446
1716894004.78652,-10.765016544971312
1716894004.7938955,-10.736330195568359
1716894004.7976587,-10.72690677927076
1716894004.807748,-10.70030408960741
1716894004.8132775,-10.657479444647954
1716894004.8218179,-10.634672709625688
1716894004.8281097,-10.595436474660591
1716894004.8377423,-10.576021952534724
1716894004.8447578,-10.575363424338525
1716894004.8505857,-10.592454061204965
1716894004.8551672,-10.590897103888471
1716894004.8617227,-10.607138433442438
1716894004.872816,-10.60477860487575
1716894004.8762634,-10.584853299745747
1716894004.885979,-10.583711915717405
1716894004.8929815,-10.600346096999488
1716894004.901761,-10.633803247177266
1716894004.9055462,-10.683183486455352
1716894004.9124873,-10.712111484323474
1716894004.9217162,-10.75721020368084
1716894004.9309916,-10.782090774662379
1716894004.9347963,-10.823363361079673
1716894004.9422534,-10.880152284942561
1716894004.95162,-10.951630391839343
1716894004.9553037,-11.001406287860165
1716894004.9655354,-11.066254805739515
1716894004.9706466,-11.145373703608788
1716894004.9815562,-11.202350771677416
1716894004.98499,-11.238418476326196
1716894004.9915884,-11.290308301182277
1716894005.003262,-11.321566908749107
1716894005.006517,-11.368910574953565
1716894005.013706,-11.431481702725655
1716894005.0209723,-11.472815753631101
1716894005.0302858,-11.49409572648699
1716894005.0329096,-11.4964392870957
1716894005.0458095,-11.480902346944815
1716894005.0501986,-11.483967258453381
1716894005.0571258,-11.504637520354425
1716894005.063854,-11.506404706087537
1716894005.0716152,-11.490322904482904
1716894005.0823483,-11.49287274495637
1716894005.0896466,-11.477530806273709
1716894005.0937488,-11.480780057502756
1716894005.1040013,-11.501624580309915
1716894005.109507,-11.503556499196149
1716894005.1188738,-11.487630423923614
1716894005.1251545,-11.454842663905092
1716894005.1319532,-11.406134421916336
1716894005.1424305,-11.34239481296234
1716894005.1476321,-11.2998346817139
1716894005.156766,-11.241907034206493
1716894005.164295,-11.169470130295366
1716894005.1728437,-11.08333468811825
1716894005.1805887,-10.984266488691022
1716894005.1885026,-10.908257095954129
1716894005.1980398,-10.818761302008626
1716894005.2043438,-10.75180094139897
1716894005.2133245,-10.70616069485231
1716894005.2211025,-10.645356796962215
1716894005.229728,-10.605536407195107
1716894005.2361085,-10.550234164147634
1716894005.2424948,-10.480313351972473
1716894005.25251,-10.43185770674163
1716894005.2573028,-10.403710426230303
1716894005.2678144,-10.394778567558381
1716894005.27707,-10.368658597057365
1716894005.2838137,-10.361643204779414
1716894005.2861302,-10.33733491745489
1716894005.2994757,-10.332032154181187
1716894005.3086047,-10.34471382134851
1716894005.3154757,-10.339007614897373
1716894005.319733,-10.351307897230853
1716894005.3313394,-10.345241158244725
1716894005.333826,-10.357200620238086
1716894005.3429878,-10.35081169533816
1716894005.3490257,-10.36246658700273
1716894005.3589363,-10.355789744223074
1716894005.3678036,-10.331801496129293
1716894005.3767931,-10.326801273871691
1716894005.384674,-10.33976894055917
1716894005.3889549,-10.334333096542135
1716894005.3979883,-10.346888959184751
1716894005.4077873,-10.376471487192934
1716894005.4126072,-10.422169030419541
1716894005.422871,-10.447635604137712
1716894005.4302063,-10.453996627501384
1716894005.4389694,-10.442315359823134
1716894005.445337,-10.448967268703402
1716894005.4541605,-10.437560982312776
1716894005.4608445,-10.409101873967481
1716894005.4693048,-10.36453973180571
1716894005.478085,-10.304771803161238
1716894005.483743,-10.230645672275639
1716894005.489609,-10.178198430496764
1716894005.497248,-10.14626098439522
1716894005.5065348,-10.1337287668783
1716894005.5145116,-10.104222709320144
1716894005.523928,-10.05868767057452
1716894005.5311546,-10.033284501299976
1716894005.536777,-9.991628024527488
1716894005.5458844,-9.93462309793828
1716894005.5535703,-9.898360954882062
1716894005.5609338,-9.88172368370556
1716894005.5682235,-9.883655100717432
1716894005.5744455,-9.867821875320171
1716894005.581864,-9.835212103659238
1716894005.5883286,-9.786759251609327
1716894005.5954134,-9.723345146523355
1716894005.602407,-9.681008644718357
1716894005.6099093,-9.658612927126635
1716894005.6153293,-9.65508393158239
1716894005.6233175,-9.66940692640147
1716894005.632078,-9.700623271506664
1716894005.6397262,-9.712456392997373
1716894005.6467776,-9.705983494230075
1716894005.6545782,-9.682222271302027
1716894005.660639,-9.677402429723113
1716894005.6678872,-9.655203882721654
1716894005.6753273,-9.651861277422707
1716894005.682233,-9.63105919848588
1716894005.6893895,-9.593768450988788
1716894005.697181,-9.576142609989274
1716894005.7036707,-9.577122696995726
1716894005.7109509,-9.595708239295012
1716894005.7132878,-9.63095407616859
1716894005.7254586,-9.646596376087663
1716894005.7333555,-9.64372438808856
1716894005.741588,-9.62336719534821
1716894005.7453527,-9.586497009797913
1716894005.755672,-9.534032286398098
1716894005.762235,-9.466840666938324
1716894005.7714436,-9.385741762687147
1716894005.7779539,-9.326657959907465
1716894005.786624,-9.288399993150762
1716894005.7916934,-9.269844212333123
1716894005.8019743,-9.269928999629574
1716894005.8050663,-9.287651382472712
1716894005.8168464,-9.286762558863556
1716894005.8209713,-9.268296305122186
1716894005.8324218,-9.268465724582514
1716894005.838883,-9.250999854240328
1716894005.8446722,-9.252114960919616
1716894005.8536189,-9.270811330208941
1716894005.8563883,-9.306144513198854
1716894005.865821,-9.35722230986083
1716894005.8732955,-9.387830953718826
1716894005.8784738,-9.43444252645488
1716894005.889386,-9.460829138152803
1716894005.8956702,-9.468114014346039
1716894005.9030943,-9.457358357036249
1716894005.910539,-9.429564740875726
1716894005.9173226,-9.385680323457514
1716894005.9228754,-9.361805719393669
1716894005.933462,-9.356862491263286
1716894005.9424727,-9.369831766518104
1716894005.9478717,-9.399750985587149
1716894005.9526994,-9.445710827984739
1716894005.963949,-9.506852306693792
1716894005.963949,-9.582364021628518
1716894005.9799025,-9.67147956348354
1716894005.9799025,-9.773475059752077
1716894005.9799025,-9.887666855145245
1716894005.9955359,-10.013409319069616
1716894005.9955359,-10.150092773221807
1716894006.0111635,-10.297141532738697
1716894006.026792,-10.454012054700913
1716894006.026792,-10.620191188126585
1716894006.0423005,-10.795194519913286
1716894006.0423005,-10.978564811489374
1716894006.057936,-11.16987052122273
1716894006.057936,-11.368704407905987
1716894006.073559,-11.538679150236755
1716894006.073559,-11.717348344805831
1716894006.0820649,-11.904263964612301
1716894006.089572,-12.099003202263123
1716894006.089572,-12.301167100474256
1716894006.105204,-12.474205572730284
1716894006.105204,-12.655855199620794
1716894006.1208284,-12.845674707851863
1716894006.1208284,-13.007014178877329
1716894006.1364534,-13.177633993438628
1716894006.1424584,-13.357057042975635
1716894006.1524637,-13.544833068116962
1716894006.1524637,-13.74053720144162
1716894006.1524637,-13.943768590282168
1716894006.168096,-14.154149095204911
1716894006.168096,-14.371322060041932
1716894006.1837215,-14.594951149575824
1716894006.1837215,-14.824719251191825
1716894006.1993456,-15.060327437014188
1716894006.1993456,-15.301493983234735
1716894006.214971,-15.511034406745873
1716894006.2168703,-15.72755845123686
1716894006.226877,-15.950722743943793
1716894006.2327926,-16.180203574774236
1716894006.2423103,-16.415695836266828
1716894006.2468178,-16.656912022022954
1716894006.2468178,-16.86634014533988
1716894006.2639925,-17.082917255351603
1716894006.2639925,-17.269053449756594
1716894006.2789068,-17.463612122142393
1716894006.2835991,-17.66617487688661
1716894006.2835991,-17.839020848754995
1716894006.299105,-17.98381691451884
1716894006.299105,-18.10213787878547
1716894006.314738,-18.19547152413148
1716894006.314738,-18.265223384585795
1716894006.314738,-18.312721257607375
1716894006.330364,-18.339219468873523
1716894006.34237,-18.382671589871066
1716894006.3463776,-18.44218824596076
1716894006.3463776,-18.516929563421886
1716894006.3620107,-18.569105635567645
1716894006.3620107,-18.599988680334274
1716894006.3776367,-18.61078048269885
1716894006.3776367,-18.602616259662238
1716894006.3776367,-18.613264398554797
1716894006.393262,-18.641733053337763
1716894006.393262,-18.650242473016867
1716894006.4088926,-18.676689343525165
1716894006.4088926,-18.72013051489969
1716894006.4245157,-18.77967527827353
1716894006.4245157,-18.81748567123638
1716894006.440138,-18.834788483458127
1716894006.4426463,-18.832742555449855
1716894006.4426463,-18.849211194204432
1716894006.4561527,-18.846376701344983
1716894006.4561527,-18.862099890203364
1716894006.47544,-18.895403699557693
1716894006.478784,-18.945365363387605
1716894006.4870584,-19.01111345679668
1716894006.4938474,-19.09182510394577
1716894006.502951,-19.149565479142357
1716894006.5102358,-19.18563079231958
1716894006.5180788,-19.2012454791389
1716894006.5271103,-19.23448517706092
1716894006.5349443,-19.284425581689998
1716894006.538108,-19.350193828885896
1716894006.5495923,-19.430965697791198
1716894006.5495923,-19.525962967316843
1716894006.5495923,-19.634450917715338
1716894006.5681257,-19.755735969329766
1716894006.5738292,-19.851661030800937
1716894006.5831244,-19.92365669137103
1716894006.5871437,-20.010400650793134
1716894006.5998979,-20.111130568873435
1716894006.6067243,-20.225126773452665
1716894006.6134326,-20.351709945930814
1716894006.619749,-20.490238933979175
1716894006.6292634,-20.640108684511155
1716894006.6331806,-20.800748290363472
1716894006.6450632,-20.971619144498653
1716894006.6530874,-21.152213195879746
1716894006.655644,-21.342051301489445
1716894006.6625123,-21.540681669269745
1716894006.6720407,-21.747678387045653
1716894006.6782336,-21.962640032768206
1716894006.6839185,-22.18518836166915
1716894006.6934972,-22.414967066162717
1716894006.6987827,-22.651640604559894
1716894006.709177,-22.855915931084766
1716894006.7147584,-23.06848049425807
1716894006.7147584,-23.288942172823518
1716894006.7256305,-23.516931629024153
1716894006.7359064,-23.752101094355815
1716894006.743066,-23.994123222916976
1716894006.7466094,-24.242690008715755
1716894006.7571847,-24.49751176349724
1716894006.7606528,-24.75831615184579
1716894006.7676587,-25.024847280498246
1716894006.7783463,-25.296864838975615
1716894006.7849407,-25.574143288803374
1716894006.7904246,-25.816127968395474
1716894006.7998617,-26.065015593531875
1716894006.8055687,-26.32050485330488
1716894006.814078,-26.58231263158316
1716894006.8224812,-26.850173058733258
1716894006.8265388,-27.083021112523294
1716894006.8368738,-27.32350519442868
1716894006.8431227,-27.571289215235083
1716894006.8479254,-27.826057327566375
1716894006.8534346,-28.08751287187217
1716894006.8641455,-28.31405634334847
1716894006.867967,-28.507681764355528
1716894006.8745384,-28.711252410126708
1716894006.8837533,-28.924309720506862
1716894006.8870084,-29.146422181022288
1716894006.895686,-29.377183901570195
1716894006.903113,-29.616213275367485
1716894006.9090598,-29.86315171391418
1716894006.9170775,-30.117662453968936
1716894006.9170775,-30.379429432763917
1716894006.9313881,-30.648156227904323
1716894006.9383755,-30.880918344073137
1716894006.9434173,-31.12222612376843
1716894006.9494586,-31.329068365133185
1716894006.9494586,-31.54587344482442
1716894006.9645553,-31.77219939117625
1716894006.9705613,-32.00763091072814
1716894006.979545,-32.251778012043154
1716894006.9810493,-32.50427470880159
1716894006.99187,-32.76477779808849
1716894006.995407,-33.03296571003655
1716894007.0031252,-33.2645625036873
1716894007.0111437,-33.50542457800862
1716894007.0162902,-33.75516450168605
1716894007.0239532,-34.01341910018549
1716894007.0291023,-34.27984824037479
1716894007.0365484,-34.509415641190536
1716894007.045359,-34.704262134829264
1716894007.045359,-34.86640831826569
1716894007.0598028,-34.997761238006014
1716894007.0664828,-35.143860294055074
1716894007.0702019,-35.304018388122714
1716894007.0775583,-35.43337276778939
1716894007.0863786,-35.53372678277281
1716894007.0919604,-35.6505218059338
1716894007.0996778,-35.78297807149365
1716894007.1065178,-35.9303615214263
1716894007.109092,-36.0475174895953
1716894007.1196988,-36.13622089396228
1716894007.1254036,-36.19814653457389
1716894007.1304107,-36.23487467288327
1716894007.141519,-36.291406396646565
1716894007.1465564,-36.36677512190395
1716894007.1549258,-36.46007008142031
1716894007.1627278,-36.570433378246335
1716894007.1673956,-36.65259327824244
1716894007.1734784,-36.752430327352585
1716894007.1841724,-36.82463950451918
1716894007.1874018,-36.870853593470784
1716894007.1944163,-36.89261303124109
1716894007.2051082,-36.89137106259732
1716894007.2079084,-36.91200870327464
1716894007.2180321,-36.95344586225614
1716894007.226567,-37.01466447127271
1716894007.2331874,-37.05048890378151
1716894007.237522,-37.10640166336768
1716894007.2443724,-37.18142664018616
1716894007.2489004,-37.274644278165496
1716894007.258671,-37.38518859967007
1716894007.2649512,-37.51224439912866
1716894007.2741427,-37.60979788227264
1716894007.2808142,-37.72457312028727
1716894007.2850478,-37.855764198914834
1716894007.2911806,-38.00261295872167
1716894007.30118,-38.16440652878218
1716894007.30118,-38.34047500349201
1716894007.3133059,-38.483795892671715
1716894007.3185441,-38.64240168435107
1716894007.328233,-38.815608029125755
1716894007.3330786,-38.95607191997911
1716894007.3376076,-39.112128276306585
1716894007.3441901,-39.23637985806618
1716894007.354439,-39.37711031683047
1716894007.360185,-39.53357434463473
1716894007.365238,-39.65805563011989
1716894007.375057,-39.75245851491221
1716894007.3785133,-39.86497226071666
1716894007.3868027,-39.99476233048749
1716894007.3953416,-40.141044319670094
1716894007.3989773,-40.2557400894919
1716894007.4078555,-40.34073680559651
1716894007.4118836,-40.44451434525926
1716894007.4186254,-40.566206045082716
1716894007.4291508,-40.70499732352358
1716894007.4312503,-40.86012303814292
1716894007.440323,-41.030865000308225
1716894007.44435,-41.16817382872864
1716894007.4544008,-41.32207304682829
1716894007.4615111,-41.49183582295998
1716894007.4657714,-41.62803875103467
1716894007.4717803,-41.781072785652604
1716894007.4788406,-41.95020353224275
1716894007.486235,-42.13474261126673
1716894007.4932005,-42.284536383115665
1716894007.4932005,-42.45079574070381
1716894007.5079505,-42.632818279555025
1716894007.5145757,-42.78003524860303
1716894007.5194013,-42.944056545654774
1716894007.525493,-43.07425649471919
1716894007.535768,-43.222191181061085
1716894007.5391705,-43.38709525338341
1716894007.5467198,-43.517925412462176
1716894007.5534644,-43.61674895625098
1716894007.559319,-43.73502274910918
1716894007.5680332,-43.82197644873517
1716894007.572202,-43.9290293837453
1716894007.581869,-44.05528692339355
1716894007.589156,-44.14958355738904
1716894007.5927715,-44.26378224955883
1716894007.6001089,-44.34667935618803
1716894007.6105068,-44.45010179263298
1716894007.6137125,-44.573138397962
1716894007.6212459,-44.714934941365144
1716894007.629376,-44.87469138053939
1716894007.6376767,-45.00000044894488
1716894007.6451857,-45.14417086940778
1716894007.6530962,-45.25474608806945
1716894007.6611462,-45.38498823523216
1716894007.6651776,-45.48239671196976
1716894007.675055,-45.54899236776051
1716894007.68065,-45.58667807844596
1716894007.691911,-45.59724556751725
1716894007.7015903,-45.63229302399694
1716894007.7108068,-45.69069306628168
1716894007.7175016,-45.77138706480219
1716894007.7248933,-45.822182110112614
1716894007.734151,-45.84493111213696
1716894007.7409484,-45.84137856034626
1716894007.7494817,-45.81316679724959
1716894007.756583,-45.81135096629331
1716894007.7640836,-45.7847809684412
1716894007.771429,-45.78451713885716
1716894007.773453,-45.75941428636426
1716894007.7814581,-45.760537385647396
1716894007.792078,-45.78665682640749
1716894007.796964,-45.7862904338806
1716894007.8068705,-45.81100182111979
1716894007.8135643,-45.809304360704914
1716894007.8205936,-45.78284626145908
1716894007.8240988,-45.78268821240065
1716894007.8346796,-45.75768535686008
1716894007.8367002,-45.70939394505292
1716894007.8456607,-45.68839846954235
1716894007.8540072,-45.693404374076756
1716894007.857552,-45.723194326865375
1716894007.868284,-45.72629776032245
1716894007.8707883,-45.70437806503054
1716894007.8773098,-45.70851028170143
1716894007.8880546,-45.73747431570075
1716894007.8922768,-45.73979698765822
1716894007.8999598,-45.76705041419542
1716894007.9057927,-45.81808256682225
1716894007.9092975,-45.89181151665654
1716894007.920195,-45.93602232883458
1716894007.925814,-46.003302896494745
1716894007.9308186,-46.09261753712859
1716894007.9415176,-46.20299507662756
1716894007.9477935,-46.28139150382168
1716894007.9527035,-46.38144778557862
1716894007.9629016,-46.50222152016066
1716894007.9692607,-46.64283060718714
1716894007.9761128,-46.749313179071166
1716894007.9834025,-46.87641247583262
1716894007.9873338,-46.97012390817665
1716894007.9959183,-47.085150330233894
1716894008.0005445,-47.22058624719588
1716894008.0072145,-47.32191858631905
1716894008.0158756,-47.44440914731382
1716894008.0216832,-47.53350392062664
1716894008.0277202,-47.64442600738697
1716894008.0373502,-47.72258481531362
1716894008.0425904,-47.77003159070863
1716894008.0480325,-47.841322886011525
1716894008.0587626,-47.93541490379953
1716894008.0617895,-48.05133073441341
1716894008.070755,-48.188157286368835
1716894008.0782325,-48.34504243528206
1716894008.0861793,-48.52119238511226
1716894008.0928335,-48.71586923667931
1716894008.0966883,-48.928388759649856
1716894008.106338,-49.15811836552077
1716894008.1147778,-49.404475280597936
1716894008.117428,-49.66692491960645
1716894008.1260967,-49.94497946242247
1716894008.1331446,-50.23819663854497
1716894008.1389022,-50.546178726402026
1716894008.146999,-50.86857177750434
1716894008.1562064,-51.20506507894145
1716894008.1602452,-51.55539087192049
1716894008.1718047,-51.85433218978805
1716894008.176369,-52.169159162077655
1716894008.1806922,-52.434542565008265
1716894008.1866996,-52.71764640866867
1716894008.1976018,-52.95304115193687
1716894008.2040756,-53.20779597243314
1716894008.2080824,-53.41639168155283
1716894008.2186306,-53.58185521422854
1716894008.221794,-53.7699991528367
1716894008.2293706,-53.98008661670846
1716894008.2343018,-54.21144932604913
1716894008.2415595,-54.397400405557065
1716894008.2506602,-54.60594639260565
1716894008.2506602,-54.83641435854636
1716894008.261361,-55.0209571621024
1716894008.2720761,-55.162648224371395
1716894008.2720761,-55.32935412026297
1716894008.2824874,-55.45418351167876
1716894008.289383,-55.53995749284941
1716894008.2979379,-55.65327209900172
1716894008.304178,-55.7931530276949
1716894008.304178,-55.95871021230034
1716894008.31458,-56.14913623207855
1716894008.3255382,-56.36370523695897
1716894008.3295724,-56.601772440118744
1716894008.336593,-56.862774248235844
1716894008.3452384,-57.14622912104992
1716894008.3515835,-57.45173928046375
1716894008.3572862,-57.778993427544705
1716894008.3623478,-58.12777067736615
1716894008.3703885,-58.497945992515184
1716894008.3811753,-58.88949749517115
1716894008.3843334,-59.218025230660196
1716894008.3936458,-59.57020624414451
1716894008.4000854,-59.946007028588355
1716894008.4034336,-60.34552659229693
1716894008.41095,-60.67893656784851
1716894008.4215076,-60.95124193580014
1716894008.425857,-61.25153429302693
1716894008.4318604,-61.49253275564836
1716894008.439907,-61.67873897135571
1716894008.444301,-61.8963799251486
1716894008.4534228,-62.144996656966136
1716894008.4608648,-62.42428598382516
1716894008.4677851,-62.64403933691188
1716894008.4748583,-62.896043396558355
1716894008.4781592,-63.180079822226176
1716894008.488234,-63.40277575159382
1716894008.490516,-63.65910647538883
1716894008.4970667,-63.948962973150614
1716894008.5065887,-64.27246673872216
1716894008.5103335,-64.52878763050245
1716894008.518882,-64.82058935665327
1716894008.5280948,-65.14816357781079
1716894008.5348759,-65.51213453889225
1716894008.540418,-65.91354115022821
1716894008.5439265,-66.35396025734426
1716894008.5525138,-66.83569967346166
1716894008.5600193,-67.3621180060524
1716894008.5666583,-67.78873617769248
1716894008.570911,-68.26304703185257
1716894008.5814254,-68.64040671279368
1716894008.582443,-68.93173385139235
1716894008.5920084,-69.2725329348418
1716894008.5982478,-69.66571687814861
1716894008.603908,-70.11584652401562
1716894008.6134162,-70.46292211316907
1716894008.6171968,-70.869464389188
1716894008.6242108,-71.3426905243515
1716894008.6345897,-71.89536023634557
1716894008.637811,-72.31249529263586
1716894008.6459806,-72.81214071771018
1716894008.6558259,-73.42152632435027
1716894008.6602693,-74.32795798319253
1716894008.666837,-74.85446595071251
1716894008.6703625,-75.68255132340347
1716894008.6773899,-76.13499660503051
1716894008.6880417,-76.42564593834702
1716894008.6936052,-76.83746236006341
1716894008.6984935,-77.55712697219629
1716894008.7092268,-78.23744376492502
1716894008.7092268,-78.8805640888451
1716894008.7200046,-79.48852166898968
1716894008.7288144,-80.06323903603274
1716894008.7308214,-80.60653360586502
1716894008.7413733,-81.12012342676759
1716894008.74587,-81.27526826939425
1716894008.7553952,-81.75229487692462
1716894008.7629006,-81.87287560783331
1716894008.765678,-81.84980515701879
1716894008.773213,-81.72267876929251
1716894008.773213,-81.70782036333658
1716894008.7885132,-81.83083274796181
1716894008.7949426,-81.81006099966727
1716894008.803086,-81.68510763240006
1716894008.8055928,-81.67230343653634
1716894008.8158712,-81.55488199403554
1716894008.8203673,-81.54919791331125
1716894008.8268707,-81.43850729210394
1716894008.837211,-81.24495705809167
1716894008.8416755,-80.98354610498531
1716894008.851663,-80.81487097296477
1716894008.8588843,-80.57697507023117
1716894008.8650906,-80.28106805382329
1716894008.8718145,-79.93593949838129
1716894008.8744876,-79.67508124147545
1716894008.8799994,-79.49950359054587
1716894008.8920145,-79.26250756195232
1716894008.8950813,-78.97306902323568
1716894008.904931,-78.76485591926202
1716894008.9087477,-78.50262659249303
1716894008.9146404,-78.32013503087788
1716894008.9226513,-78.08222091553706
1716894008.929129,-77.92271512586964
1716894008.9365296,-77.70653003038925
1716894008.9442258,-77.56756522168901
1716894008.9522443,-77.5072164681372
1716894008.9548788,-77.52861041612124
1716894008.9654202,-77.47039152504782
1716894008.971645,-77.49379888481536
1716894008.9763253,-77.4374833217977
1716894008.983919,-77.46268994474502
1716894008.9869225,-77.40807526980092
1716894008.9972086,-77.28542854013632
1716894008.999739,-77.24050567109497
1716894009.008243,-77.1270208457346
1716894009.018898,-77.09075895188427
1716894009.018898,-77.13492280526972
1716894009.0319505,-77.09822887006084
1716894009.0319505,-77.1419843040431
1716894009.0420823,-77.27225904676966
1716894009.0505972,-77.50072830839967
1716894009.055358,-77.85376436739124
1716894009.0633824,-78.51786244593302
1716894009.071932,-79.1456508173966
1716894009.0737927,-79.73911472292437
1716894009.0829914,-80.30013086016689
1716894009.0874288,-80.83047331792196
1716894009.0953808,-81.33181918629597
1716894009.1041434,-81.80575386012852
1716894009.1114511,-82.25377605245103
1716894009.1146147,-82.67730253383354
1716894009.1256244,-83.07767261260662
1716894009.1281562,-83.45615237012618
1716894009.1364503,-83.81393866447424
1716894009.1431499,-84.15216291525653
1716894009.1466558,-84.47189468146543
1716894009.1592295,-84.77414504372247
1716894009.1641076,-85.059869801596
1716894009.1701384,-85.32997249610479
1716894009.1786525,-85.58530726696564
1716894009.1815917,-85.82668155362032
1716894009.1924644,-86.05485864858323
1716894009.1968966,-86.27056011118437
1716894009.2024133,-86.47446804934015
1716894009.2109022,-86.66722727656816
1716894009.2159739,-86.84944735106643
1716894009.2229977,-87.0217045033058
1716894009.2319746,-87.18454345823059
1716894009.2388768,-87.33847915783018
1716894009.2425013,-87.4839983895285
1716894009.2477837,-87.62156132554107
1716894009.2558124,-87.75160297806731
1716894009.2641215,-87.87453457491992
1716894009.2704108,-87.99074485994133
1716894009.2747154,-88.10060132231976
1716894009.2854185,-87.87408701572868
1716894009.288329,-87.99032177114634
1716894009.297666,-88.10020136599678
1716894009.306709,-88.2040732700681
1716894009.3104458,-87.97190161219872
1716894009.3174417,-87.61536558628852
1716894009.322418,-87.17300592641038
1716894009.3331761,-86.66592073065085
1716894009.3387911,-86.10811740811553
1716894009.3429437,-85.50979397975622
1716894009.350585,-84.87878369554952
1716894009.3602388,-84.22131454638232
1716894009.3655138,-83.5424568243152
1716894009.3705177,-82.8464088642424
1716894009.3814554,-82.24272440978702
1716894009.3835342,-81.6177396025473
1716894009.392138,-80.97519915782337
1716894009.398205,-80.31829451690086
1716894009.4037735,-79.74680151524082
1716894009.4136536,-79.25828183584751
1716894009.4176948,-78.74474525838424
1716894009.4243274,-78.20979117018418
1716894009.4308372,-77.75358104821686
1716894009.4373684,-77.27281907907336
1716894009.4455874,-76.86783811025069
1716894009.4508276,-76.43550432914647
1716894009.4605777,-75.97926777956556
1716894009.466623,-75.50216531983027
1716894009.4717147,-75.00688277198931
1716894009.4772236,-74.49580456074585
1716894009.4831262,-74.05554500658316
1716894009.4916134,-73.6836225084283
1716894009.498753,-73.28776918486122
1716894009.503218,-72.95782499697292
1716894009.5102522,-72.69173132228245
1716894009.5202177,-72.48772708932478
1716894009.5229506,-72.24733612011761
1716894009.533986,-71.97427783664011
1716894009.5411806,-71.67188330528126
1716894009.5432253,-71.34314691620966
1716894009.550072,-70.99076865732286
1716894009.555077,-70.61718921906339
1716894009.5647888,-70.2246195234478
1716894009.570701,-69.81506583926762
1716894009.5775714,-69.39035134846218
1716894009.586745,-69.02641145844461
1716894009.5906892,-68.72081788334638
1716894009.5906892,-68.39348488135174
1716894009.6024125,-68.12249670470115
1716894009.6137457,-67.90574066013228
1716894009.618286,-67.6614200050027
1716894009.618286,-67.46987342940774
1716894009.6295233,-67.32926724197215
1716894009.635786,-67.15588119103545
1716894009.6427221,-66.95255926569064
1716894009.6532044,-66.79976980540036
1716894009.659762,-66.69580167954925
1716894009.6657326,-66.63913363710547
1716894009.6739264,-66.54394832874085
1716894009.6805909,-66.49558290132467
1716894009.6863403,-66.40824626070277
1716894009.692952,-66.28521723250614
1716894009.6995223,-66.12949904871584
1716894009.706193,-65.94384696836799
1716894009.7131093,-65.80679327811649
1716894009.7166908,-65.63878520605826
1716894009.7269604,-65.44240976842579
1716894009.7340422,-65.22004780521512
1716894009.7406795,-64.97389254963245
1716894009.74727,-64.77714686739769
1716894009.7534475,-64.62788169358771
1716894009.759986,-64.4500542302649
1716894009.7677088,-64.31867291762767
1716894009.7738378,-64.15775151147305
1716894009.778896,-63.96967753710827
1716894009.7866745,-63.75665674290034
1716894009.7919059,-63.52072833780306
1716894009.797464,-63.26377865933955
1716894009.8063438,-63.05479847080488
1716894009.812788,-62.82332360929438
1716894009.8167331,-62.571180410096645
1716894009.8269217,-62.30006137191828
1716894009.8349245,-62.07652764951038
1716894009.8415465,-61.832453858747506
1716894009.8491683,-61.63448667896247
1716894009.8551285,-61.41458157453641
1716894009.8628273,-61.239461652899024
1716894009.8686566,-61.10724072726976
1716894009.8757877,-60.94892473339245
1716894009.8827853,-60.76650287764899
1716894009.887227,-60.56182464051508
1716894009.894945,-60.40056756665622
1716894009.9020922,-60.215896922347895
1716894009.9096856,-60.009596025118746
1716894009.9166658,-59.78332472340161
1716894009.9229736,-59.60067480535976
1716894009.9294996,-59.396761360391906
1716894009.937166,-59.17320030273916
1716894009.9405587,-58.99265911930177
1716894009.9499502,-58.791192439690064
1716894009.9571643,-58.63153761936238
1716894009.9628272,-58.44981533640852
1716894009.970428,-58.24766343286
1716894009.976466,-58.02660983368546
1716894009.9829626,-57.78808004627178
1716894009.9903052,-57.53340410149429
1716894009.9962826,-57.26382298535998
1716894010.0034573,-56.98049460480079
1716894010.0090666,-56.74114393581637
1716894010.0160365,-56.48639314612526
1716894010.022165,-56.27405758200429
1716894010.0297246,-56.10216114519961
1716894010.0319533,-55.968851008954616
1716894010.0386484,-55.87239197535971
1716894010.0456579,-55.751644518517146
1716894010.0527685,-55.60831112973498
1716894010.062654,-55.50200235064111
1716894010.062654,-55.37231820175714
1716894010.07116,-55.2208949278539
1716894010.0783036,-55.10658038853321
1716894010.084942,-54.96968638744303
1716894010.0941947,-54.86910672978002
1716894010.1004736,-54.80321411224504
1716894010.108985,-54.71173636248447
1716894010.112367,-54.65444800405507
1716894010.1186864,-54.57110407365957
1716894010.125867,-54.46348735670651
1716894010.125867,-54.333267936529104
1716894010.142043,-54.18201035290287
1716894010.1469555,-54.06718074921131
1716894010.1561317,-53.93047154050281
1716894010.1614802,-53.829394876161864
1716894010.1614802,-53.76233127111885
1716894010.1738346,-53.72776401739076
1716894010.1787682,-53.72427456122871
1716894010.188121,-53.75053823375957
1716894010.188121,-53.74580359235756
1716894010.2004893,-53.71213999306531
1716894010.2039928,-53.65148732429254
1716894010.2135806,-53.62298048749788
1716894010.2200842,-53.56720263411006
1716894010.2260413,-53.48598777634248
1716894010.2360494,-53.38105542000361
1716894010.2360494,-53.31001820170831
1716894010.2460198,-53.21470702018698
1716894010.2543457,-53.09676446767133
1716894010.2543457,-53.013112980503
1716894010.2671988,-52.962193095221586
1716894010.2712197,-52.942543936419376
1716894010.282912,-52.952798733757476
1716894010.282912,-52.93366321371431
1716894010.2966557,-52.88708726173544
1716894010.2986639,-52.814899921467266
1716894010.3077304,-52.71881690914811
1716894010.3147361,-52.60044763796801
1716894010.3147361,-52.51608985095474
1716894010.3305082,-52.40880472583329
1716894010.3342721,-52.33492505677891
1716894010.3342721,-52.29292730532215
1716894010.3462758,-52.2813837286805
1716894010.3538961,-52.24231336099829
1716894010.363195,-52.23353711278576
1716894010.36723,-52.19708276924811
1716894010.3775952,-52.134779044280954
1716894010.3808897,-52.04834217056008
1716894010.3808897,-51.93938280710931
1716894010.393393,-51.86362926521115
1716894010.393393,-51.764769120088964
1716894010.4090316,-51.64434586054135
1716894010.4178398,-51.50380817935416
1716894010.4249701,-51.397653016075914
1716894010.4265857,-51.27060331988711
1716894010.4352677,-51.12406141082155
1716894010.440775,-50.959343660728095
1716894010.440775,-50.77768569320126
1716894010.4591496,-50.631906110905874
1716894010.4637702,-50.52028511084324
1716894010.4733386,-50.441205695955006
1716894010.4798923,-50.393148554880824
1716894010.488014,-50.321020358878904
1716894010.4930415,-50.27953437728453
1716894010.5040863,-50.21361806118672
1716894010.5082147,-50.17800432360981
1716894010.5198681,-50.17130608928197
1716894010.5230584,-50.19222252700048
1716894010.5304446,-50.23953497241676
1716894010.5378578,-50.25672098109031
1716894010.5463884,-50.300506959482114
1716894010.5529525,-50.31435931148377
1716894010.5600407,-50.30020583849716
1716894010.571575,-50.31407465435426
1716894010.571575,-50.354724808169294
1716894010.583388,-50.420994936573116
1716894010.588335,-50.45579920067166
1716894010.5993395,-50.46116091556518
1716894010.6031358,-50.4389810329035
1716894010.6095748,-50.44526228478257
1716894010.616273,-50.478739726332584
1716894010.6221886,-50.48284716298937
1716894010.6316211,-50.514269643137816
1716894010.6362543,-50.571816622942464
1716894010.6461363,-50.59837467849131
1716894010.6509037,-50.595941048083525
1716894010.6566002,-50.56639203232263
1716894010.663184,-50.56570706005962
1716894010.6718874,-50.59259915728969
1716894010.6781976,-50.590481304761454
1716894010.6849906,-50.616018864766865
1716894010.6942785,-50.61262053463174
1716894010.6967297,-50.5821595643112
1716894010.703542,-50.5806124988027
1716894010.7143612,-50.55190157481214
1716894010.718337,-50.49779211245299
1716894010.7268467,-50.473609411123554
1716894010.7288845,-50.47799734888173
1716894010.7417972,-50.45489693056165
1716894010.746766,-50.406091218253536
1716894010.7576635,-50.386922283286
1716894010.7646596,-50.34183309962188
1716894010.771508,-50.3261774912853
1716894010.7782743,-50.338626301369835
1716894010.784636,-50.3231460254261
1716894010.7920911,-50.281543822550304
1716894010.7997332,-50.21551763959496
1716894010.806863,-50.1266627698865
1716894010.8093514,-50.06910474221709
1716894010.8212135,-49.98825502956004
1716894010.827088,-49.88563774072935
1716894010.8348598,-49.81481912633592
1716894010.838201,-49.72168448328662
1716894010.8487017,-49.65983004895126
1716894010.8527741,-49.62779620197049
1716894010.86357,-49.57107512986401
1716894010.870607,-49.49126724290683
1716894010.8743277,-49.38987667325677
1716894010.8842945,-49.268317002420645
1716894010.8879552,-49.12791664179534
1716894010.8991086,-49.02067969273165
1716894010.902297,-48.94501859987669
1716894010.9126008,-48.84778164108827
1716894010.920726,-48.73037414293221
1716894010.9265804,-48.59411711218695
1716894010.9319792,-48.49057877739418
1716894010.940365,-48.36743261048474
1716894010.9480984,-48.27628830019216
1716894010.954691,-48.16485851179407
1716894010.9582782,-48.034463424170085
1716894010.9655697,-47.886344268511856
1716894010.976877,-47.721667967109475
1716894010.980924,-47.54153149720688
1716894010.9866004,-47.39570790917238
1716894010.997098,-47.233393376428346
1716894011.0013804,-47.05567539481322
1716894011.0120091,-46.8635764027705
1716894011.014548,-46.70607824473256
1716894011.0216885,-46.58146936408623
1716894011.0325143,-46.48813738227205
1716894011.039745,-46.424563939728976
1716894011.043443,-46.33981079616397
1716894011.0494168,-46.235227668037524
1716894011.0591345,-46.112084613919194
1716894011.0630102,-45.97157665332651
1716894011.0720882,-45.81482811652587
1716894011.081359,-45.642896741304575
1716894011.0844662,-45.45677753172497
1716894011.094205,-45.30442265020751
1716894011.0975344,-45.13680958527492
1716894011.1091428,-44.95493276364936
1716894011.115342,-44.75972773755898
1716894011.1229656,-44.55207458545439
1716894011.1299765,-44.3328011164876
1716894011.1332486,-44.14849027037045
1716894011.1398022,-43.99737766323523
1716894011.1507075,-43.83140616747653
1716894011.1544335,-43.65153540121707
1716894011.1605976,-43.45866852630156
1716894011.1701674,-43.29917727175187
1716894011.1745925,-43.17138003445861
1716894011.1812363,-43.073691142276715
1716894011.19173,-43.004615770848694
1716894011.1985343,-42.91604475109927
1716894011.2055051,-42.85558873044268
1716894011.2081578,-42.821866193404816
1716894011.2200136,-42.81357566316741
1716894011.2259471,-42.82949151828482
1716894011.2335386,-42.868460050111956
1716894011.240904,-42.8813750894199
1716894011.2434316,-42.86983089733242
1716894011.249444,-42.83532966671805
1716894011.2597451,-42.77928676087895
1716894011.2652578,-42.74973605064479
1716894011.272266,-42.69837299440593
1716894011.2831368,-42.67324626197589
1716894011.2862227,-42.6730815588573
1716894011.296696,-42.6493376411741
1716894011.301333,-42.60346388983882
1716894011.3077638,-42.536825936550485
1716894011.3162816,-42.45071042454187
1716894011.3240192,-42.392424300236826
1716894011.3337874,-42.36059734177045
1716894011.3337874,-42.35393856671242
1716894011.347335,-42.32421582410831
1716894011.354046,-42.27284581963123
1716894011.3573084,-42.2011634780074
1716894011.3644392,-42.110426585845254
1716894011.3721597,-42.00182017104832
1716894011.3804297,-41.87646063388552
1716894011.3893416,-41.780646358467436
1716894011.3954773,-41.667379547676944
1716894011.4005654,-41.537750111627076
1716894011.4115117,-41.3927848150416
1716894011.41819,-41.23345085951084
1716894011.420846,-41.10512319080816
1716894011.4285069,-41.00623524352391
1716894011.438879,-40.93530952910197
1716894011.4433239,-40.890952895311244
1716894011.448298,-40.82633026838518
1716894011.4592688,-40.74268538485273
1716894011.4619505,-40.686169316352164
1716894011.472189,-40.65543447795378
1716894011.4751925,-40.64921065551391
1716894011.4830115,-40.620496539946096
1716894011.4909246,-40.57066117315231
1716894011.4972663,-40.50099505308389
1716894011.5069034,-40.412714565119174
1716894011.5102618,-40.351684210244166
1716894011.5181136,-40.31654621612147
1716894011.5252764,-40.26077388667242
1716894011.5354679,-40.18562754329902
1716894011.53901,-40.09229517450759
1716894011.5494976,-39.981896513766756
1716894011.5542004,-39.855486888118676
1716894011.5590003,-39.75803577201064
1716894011.5700052,-39.68808207643962
1716894011.5773616,-39.59978385486924
1716894011.5803385,-39.4942663220667
1716894011.5875242,-39.37259009754791
1716894011.5989523,-39.279494432907455
1716894011.603037,-39.16956090820362
1716894011.6089768,-39.08756590870829
1716894011.617671,-39.032101039395044
1716894011.627638,-39.00183798343112
1716894011.6338007,-38.95106030710309
1716894011.6378934,-38.88101187556018
1716894011.6493728,-38.792865471464836
1716894011.6493728,-38.7314663770137
1716894011.6592624,-38.651496405620904
1716894011.6710446,-38.554087105415675
1716894011.6776958,-38.440305288533324
1716894011.684993,-38.3111566659003
1716894011.68821,-38.167589278728634
1716894011.697254,-38.01049673810743
1716894011.702374,-37.8407212834366
1716894011.7142873,-37.70150032164658
1716894011.7209606,-37.54861931334208
1716894011.7278118,-37.382925438579974
1716894011.734273,-37.20521719809063
1716894011.7384949,-37.01624714653313
1716894011.7493315,-36.81672447312239
1716894011.7554803,-36.648995345912375
1716894011.7609258,-36.511414893082275
1716894011.7689855,-36.36037863365433
1716894011.7781534,-36.19671571402685
1716894011.7817297,-36.021207792989124
1716894011.78982,-35.834591700775945
1716894011.7945528,-35.67888298902971
1716894011.8020186,-35.552480992195036
1716894011.8126557,-35.412196744881356
1716894011.8197706,-35.25887846436
1716894011.8267636,-35.134646999199404
1716894011.8340614,-35.03800122363787
1716894011.8399336,-34.92584626971861
1716894011.8475664,-34.79911930734906
1716894011.8547559,-34.658704235244755
1716894011.8604867,-34.50543465096139
1716894011.866628,-34.38107685140667
1716894011.8754737,-34.24298660479913
1716894011.8819954,-34.0919980140453
1716894011.887087,-33.928897711206446
1716894011.8927836,-33.754427503520546
1716894011.904791,-33.56928687269156
1716894011.9113805,-33.37413533557209
1716894011.917426,-33.209787261849534
1716894011.9226787,-33.034291444248275
1716894011.9289148,-32.8483318213638
1716894011.9349334,-32.65255330432323
1716894011.9414754,-32.48746529737791
1716894011.9531403,-32.351462590498656
1716894011.9569254,-32.20283678390625
1716894011.9667397,-32.04235084862104
1716894011.9738374,-31.87072444829241
1716894011.9809406,-31.688636346648646
1716894011.9882507,-31.536349363750848
1716894011.9897716,-31.37254329267795
1716894012.0004432,-31.197916084389586
1716894012.0071883,-31.013126051782383
1716894012.0140183,-30.858150059417476
1716894012.0176857,-30.731424683014048
1716894012.0291295,-30.591850774338294
1716894012.0347326,-30.440197494553118
1716894012.042491,-30.277190508566147
1716894012.0465956,-30.103514397114203
1716894012.052715,-29.91981493570273
1716894012.0615213,-29.72670124773653
1716894012.0675545,-29.524747838774033
1716894012.077207,-29.314496518455226
1716894012.0821755,-29.096458216292625
1716894012.0933056,-28.871114697173624
1716894012.0933056,-28.638920182100364
1716894012.0933056,-28.400302879388935
1716894012.1089382,-28.155666431262002
1716894012.1198778,-27.905391280497245
1716894012.1306968,-27.64983596153717
1716894012.1332896,-27.427217201869446
1716894012.1409264,-27.19780615479989
1716894012.1481998,-26.999902223263106
1716894012.159238,-26.79385471571379
1716894012.167356,-26.58015803543942
1716894012.1725905,-26.35927848960606
1716894012.1771111,-26.169342359140497
1716894012.1827953,-26.008705893049733
1716894012.1916106,-25.8379373956521
1716894012.1969204,-25.657638924947356
1716894012.2042954,-25.506065090489606
1716894012.2095304,-25.3816934535175
1716894012.2202613,-25.245206997808346
1716894012.2230654,-25.097316190696475
1716894012.2296863,-24.97637812376659
1716894012.2372754,-24.8431855938912
1716894012.2428303,-24.698455659383225
1716894012.2520227,-24.580458600776733
1716894012.256415,-24.487779835142135
1716894012.2678835,-24.381301523109116
1716894012.2726197,-24.261825200764893
1716894012.2771626,-24.13010755565765
1716894012.2883136,-23.986862897951866
1716894012.2907836,-23.870178876634967
1716894012.2998226,-23.74114587606462
